BUGID,DESCRIPTION,BRANCH,DEVELOPER NAME,BUG PRIORITY,REPOSITORY PATH,GITHUBURL
234,File name should contain date in header,br_1,g.cohen,3,./REPO1,https://github.com/example/repo1
235,Fix login page layout issue,br_2,m.johnson,2,./REPO2,https://github.com/example/repo2
236,Resolve memory leak in API call,br_3,s.kumar,1,./REPO3,https://github.com/example/repo3
237,Update password encryption algorithm,br_4,l.smith,2,./REPO4,https://github.com/example/repo4
238,Improve database indexing performance,br_5,j.doe,3,./REPO5,https://github.com/example/repo5
239,Fix broken links in documentation,br_6,a.tanaka,4,./REPO6,https://github.com/example/repo6
240,Implement two-factor authentication,br_7,r.garcia,1,./REPO7,https://github.com/example/repo7
241,Resolve CSS rendering issue in mobile view,br_8,b.miller,2,./REPO8,https://github.com/example/repo8
242,Fix API timeout issue under high load,br_9,k.lee,1,./REPO9,https://github.com/example/repo9
243,Standardize error messages across the system,br_10,c.wilson,3,./REPO10,https://github.com/example/repo10
